node,score
367,0.0023878856
249,0.0021844762
145,0.0020550931
264,0.0019989670
266,0.0019635964
123,0.0018635784
127,0.0018606086
122,0.0018533862
1317,0.0018437060
5,0.0018312545
251,0.0017823148
427,0.0017674597
149,0.0016579550
176,0.0016229484
353,0.0015965835
390,0.0015899536
559,0.0015727677
124,0.0015694155
4,0.0015483632
7,0.0015012402
